year,date,stage,home_team,away_team,winner
1974,1974-06-10,Quarter-finals,South Korea,Sweden,Draw
1974,1974-06-10,Quarter-finals,Ghana,Switzerland,Ghana
1974,1974-06-10,Group Stage,Sweden,Saudi Arabia,Sweden
1974,1974-06-10,Group Stage,Cameroon,Uruguay,Cameroon
1974,1974-06-10,Group Stage,Nigeria,Japan,Nigeria
1974,1974-06-10,Group Stage,Saudi Arabia,Iran,Saudi Arabia
1974,1974-06-11,Group Stage,Algeria,Cameroon,Cameroon
1974,1974-06-11,Group Stage,Portugal,Argentina,Argentina
1974,1974-06-11,Group Stage,Cameroon,Saudi Arabia,Cameroon
1974,1974-06-12,Round of 16,USA,Costa Rica,Draw
1974,1974-06-12,Group Stage,Belgium,Egypt,Egypt
1974,1974-06-12,Group Stage,Brazil,Germany,Draw
1974,1974-06-12,Round of 16,Denmark,Portugal,Denmark
1974,1974-06-13,Group Stage,Senegal,Switzerland,Switzerland
1974,1974-06-14,Group Stage,Nigeria,Tunisia,Draw
1974,1974-06-14,Group Stage,Netherlands,Portugal,Draw
1974,1974-06-14,Group Stage,Saudi Arabia,Japan,Draw
1974,1974-06-14,Group Stage,Morocco,Ghana,Ghana
1974,1974-06-14,Group Stage,Croatia,Denmark,Croatia
1974,1974-06-15,Group Stage,Croatia,Argentina,Draw
1974,1974-06-15,Group Stage,Australia,Uruguay,Australia
1974,1974-06-15,Semi-finals,France,Algeria,France
1974,1974-06-15,Group Stage,France,Mexico,France
1974,1974-06-15,Group Stage,South Korea,Argentina,South Korea
1974,1974-06-15,Group Stage,Egypt,Mexico,Draw
1974,1974-06-15,Group Stage,Morocco,Iran,Morocco
1974,1974-06-15,Round of 16,Ghana,Germany,Ghana
1974,1974-06-16,Group Stage,Mexico,Switzerland,Mexico
1974,1974-06-16,Group Stage,Nigeria,Italy,Nigeria
1974,1974-06-16,Group Stage,Japan,Nigeria,Japan
1974,1974-06-17,Group Stage,Iran,Sweden,Draw
1974,1974-06-17,Group Stage,Egypt,Argentina,Argentina
1974,1974-06-17,Group Stage,Belgium,Mexico,Mexico
1974,1974-06-17,Round of 16,Brazil,Senegal,Draw
1974,1974-06-17,Group Stage,Sweden,Iran,Draw
1974,1974-06-18,Group Stage,Switzerland,Sweden,Switzerland
1974,1974-06-18,Group Stage,Netherlands,Germany,Netherlands
1974,1974-06-18,Group Stage,Poland,Saudi Arabia,Draw
1974,1974-06-18,Group Stage,Iran,Belgium,Iran
1974,1974-06-20,Semi-finals,Algeria,Tunisia,Algeria
1974,1974-06-20,Group Stage,Spain,Argentina,Spain
1974,1974-06-20,Group Stage,Argentina,Denmark,Argentina
1974,1974-06-21,Group Stage,Portugal,Switzerland,Switzerland
1974,1974-06-21,Group Stage,Switzerland,Egypt,Switzerland
1974,1974-06-21,Round of 16,Italy,Belgium,Draw
1974,1974-06-22,Group Stage,Iran,Sweden,Iran
1974,1974-06-22,Final,Portugal,Spain,Portugal
1974,1974-06-22,Third Place,Japan,Nigeria,Nigeria
1974,1974-06-23,Quarter-finals,Senegal,Germany,Senegal
1974,1974-06-23,Group Stage,Brazil,France,Brazil
1974,1974-06-23,Group Stage,Australia,Iran,Iran
1974,1974-06-23,Group Stage,Sweden,Mexico,Draw
1974,1974-06-24,Group Stage,Cameroon,Nigeria,Cameroon
1974,1974-06-24,Group Stage,Tunisia,Uruguay,Draw
1974,1974-06-24,Round of 16,Switzerland,Morocco,Draw
1974,1974-06-24,Group Stage,Poland,Iran,Iran
1974,1974-06-25,Round of 16,Germany,Poland,Germany
1974,1974-06-25,Group Stage,Tunisia,Mexico,Tunisia
1974,1974-06-25,Group Stage,France,Denmark,Denmark
1974,1974-06-25,Group Stage,Senegal,Algeria,Algeria
1974,1974-06-25,Group Stage,Croatia,Italy,Croatia
1974,1974-06-26,Quarter-finals,Spain,Senegal,Draw
1974,1974-06-26,Round of 16,Croatia,Portugal,Portugal
1974,1974-06-26,Group Stage,USA,Poland,USA
1978,1978-06-10,Group Stage,Mexico,Portugal,Portugal
1978,1978-06-11,Group Stage,Croatia,Iran,Iran
1978,1978-06-12,Round of 16,Netherlands,Germany,Draw
1978,1978-06-12,Group Stage,Nigeria,Poland,Poland
1978,1978-06-12,Group Stage,Italy,Uruguay,Italy
1978,1978-06-12,Round of 16,Tunisia,Nigeria,Draw
1978,1978-06-12,Group Stage,Netherlands,Poland,Netherlands
1978,1978-06-12,Group Stage,Argentina,Saudi Arabia,Saudi Arabia
1978,1978-06-12,Group Stage,Algeria,Netherlands,Netherlands
1978,1978-06-13,Round of 16,Poland,Morocco,Poland
1978,1978-06-13,Group Stage,Belgium,Denmark,Draw
1978,1978-06-13,Group Stage,Sweden,Morocco,Draw
1978,1978-06-13,Group Stage,Sweden,Mexico,Draw
1978,1978-06-13,Group Stage,Japan,Australia,Japan
1978,1978-06-13,Group Stage,USA,Sweden,Draw
1978,1978-06-13,Group Stage,Switzerland,Morocco,Morocco
1978,1978-06-13,Final,Italy,England,Italy
1978,1978-06-13,Group Stage,Croatia,Senegal,Draw
1978,1978-06-14,Group Stage,Costa Rica,Senegal,Draw
1978,1978-06-14,Group Stage,Brazil,Senegal,Brazil
1978,1978-06-15,Group Stage,Croatia,Germany,Germany
1978,1978-06-15,Quarter-finals,Spain,Belgium,Draw
1978,1978-06-16,Group Stage,Spain,Japan,Japan
1978,1978-06-16,Group Stage,Sweden,Spain,Draw
1978,1978-06-16,Group Stage,England,Costa Rica,England
1978,1978-06-17,Round of 16,Belgium,Poland,Draw
1978,1978-06-17,Group Stage,Senegal,England,Draw
1978,1978-06-17,Group Stage,Cameroon,South Korea,South Korea
1978,1978-06-20,Group Stage,Algeria,Cameroon,Cameroon
1978,1978-06-20,Round of 16,Tunisia,Nigeria,Draw
1978,1978-06-20,Quarter-finals,Italy,Japan,Japan
1978,1978-06-20,Group Stage,Croatia,Saudi Arabia,Saudi Arabia
1978,1978-06-20,Group Stage,Egypt,Argentina,Egypt
1978,1978-06-21,Group Stage,Switzerland,Cameroon,Switzerland
1978,1978-06-21,Group Stage,Costa Rica,Sweden,Sweden
1978,1978-06-21,Group Stage,Cameroon,Denmark,Cameroon
1978,1978-06-22,Group Stage,Saudi Arabia,Spain,Saudi Arabia
1978,1978-06-22,Group Stage,Croatia,Belgium,Belgium
1978,1978-06-22,Third Place,Switzerland,Tunisia,Draw
1978,1978-06-22,Group Stage,Morocco,Egypt,Draw
1978,1978-06-23,Quarter-finals,Iran,Switzerland,Draw
1978,1978-06-23,Group Stage,Germany,Iran,Iran
1978,1978-06-23,Group Stage,Poland,Mexico,Draw
1978,1978-06-23,Group Stage,Iran,Italy,Draw
1978,1978-06-23,Group Stage,Spain,Australia,Draw
1978,1978-06-23,Group Stage,Egypt,Mexico,Mexico
1978,1978-06-23,Group Stage,Denmark,Italy,Italy
1978,1978-06-23,Group Stage,Morocco,Germany,Morocco
1978,1978-06-24,Semi-finals,Saudi Arabia,Switzerland,Switzerland
1978,1978-06-24,Group Stage,Uruguay,Algeria,Algeria
1978,1978-06-24,Group Stage,Ghana,Senegal,Draw
1978,1978-06-24,Group Stage,Iran,Algeria,Iran
1978,1978-06-24,Round of 16,Brazil,Sweden,Draw
1978,1978-06-25,Quarter-finals,Poland,Uruguay,Draw
1978,1978-06-25,Group Stage,Senegal,Egypt,Draw
1978,1978-06-25,Round of 16,France,Morocco,Morocco
1978,1978-06-25,Group Stage,Ghana,France,France
1978,1978-06-25,Round of 16,Croatia,Netherlands,Draw
1978,1978-06-26,Group Stage,Netherlands,Nigeria,Draw
1978,1978-06-26,Group Stage,Denmark,Egypt,Denmark
1978,1978-06-26,Semi-finals,Spain,USA,Draw
1978,1978-06-27,Group Stage,Tunisia,Australia,Australia
1978,1978-06-27,Group Stage,Japan,Ghana,Ghana
1978,1978-06-27,Group Stage,Iran,Senegal,Senegal
1982,1982-06-10,Round of 16,Sweden,Nigeria,Nigeria
1982,1982-06-10,Group Stage,France,Ghana,France
1982,1982-06-11,Group Stage,Mexico,Belgium,Mexico
1982,1982-06-11,Semi-finals,Saudi Arabia,Ghana,Draw
1982,1982-06-11,Group Stage,Australia,England,England
1982,1982-06-11,Group Stage,Portugal,Mexico,Mexico
1982,1982-06-12,Group Stage,Spain,Sweden,Draw
1982,1982-06-12,Group Stage,Algeria,Japan,Japan
1982,1982-06-12,Quarter-finals,Iran,Tunisia,Draw
1982,1982-06-12,Group Stage,Iran,Senegal,Iran
1982,1982-06-12,Group Stage,Italy,Iran,Draw
1982,1982-06-12,Group Stage,Algeria,Portugal,Portugal
1982,1982-06-12,Group Stage,Italy,Denmark,Draw
1982,1982-06-13,Group Stage,Costa Rica,Belgium,Costa Rica
1982,1982-06-13,Group Stage,Uruguay,Costa Rica,Uruguay
1982,1982-06-13,Group Stage,Denmark,Japan,Denmark
1982,1982-06-13,Group Stage,Brazil,Morocco,Draw
1982,1982-06-14,Group Stage,Uruguay,Algeria,Uruguay
1982,1982-06-14,Group Stage,Morocco,Senegal,Morocco
1982,1982-06-14,Group Stage,Saudi Arabia,Switzerland,Saudi Arabia
1982,1982-06-14,Third Place,Croatia,Iran,Croatia
1982,1982-06-15,Group Stage,Belgium,Italy,Draw
1982,1982-06-15,Group Stage,Argentina,Spain,Argentina
1982,1982-06-15,Group Stage,Belgium,Egypt,Egypt
1982,1982-06-15,Group Stage,Spain,Saudi Arabia,Spain
1982,1982-06-15,Semi-finals,Morocco,Nigeria,Morocco
1982,1982-06-15,Group Stage,Croatia,Poland,Poland
1982,1982-06-17,Round of 16,Netherlands,Uruguay,Draw
1982,1982-06-17,Group Stage,Algeria,Costa Rica,Draw
1982,1982-06-17,Group Stage,Australia,Netherlands,Netherlands
1982,1982-06-17,Group Stage,England,Argentina,Argentina
1982,1982-06-18,Group Stage,Morocco,Germany,Draw
1982,1982-06-18,Group Stage,Uruguay,Netherlands,Netherlands
1982,1982-06-18,Group Stage,Costa Rica,USA,Draw
1982,1982-06-18,Group Stage,Iran,Uruguay,Iran
1982,1982-06-18,Quarter-finals,Argentina,Algeria,Draw
1982,1982-06-19,Group Stage,Iran,Denmark,Iran
1982,1982-06-20,Group Stage,Sweden,Egypt,Draw
1982,1982-06-20,Group Stage,Belgium,Iran,Belgium
1982,1982-06-20,Group Stage,Australia,Portugal,Australia
1982,1982-06-21,Round of 16,Switzerland,Belgium,Draw
1982,1982-06-21,Round of 16,Netherlands,Iran,Draw
1982,1982-06-21,Round of 16,Ghana,Tunisia,Draw
1982,1982-06-22,Group Stage,Belgium,Nigeria,Draw
1982,1982-06-22,Quarter-finals,Ghana,Egypt,Draw
1982,1982-06-22,Round of 16,Egypt,Mexico,Draw
1982,1982-06-22,Group Stage,Belgium,Egypt,Egypt
1982,1982-06-22,Group Stage,South Korea,Portugal,South Korea
1982,1982-06-23,Group Stage,Germany,Uruguay,Draw
1982,1982-06-23,Group Stage,Denmark,Algeria,Denmark
1982,1982-06-23,Group Stage,Argentina,Costa Rica,Draw
1982,1982-06-23,Group Stage,Denmark,Germany,Germany
1982,1982-06-23,Quarter-finals,Netherlands,Denmark,Netherlands
1982,1982-06-24,Round of 16,Portugal,France,France
1982,1982-06-24,Round of 16,Morocco,Poland,Draw
1982,1982-06-25,Group Stage,Belgium,Germany,Belgium
1982,1982-06-25,Group Stage,Tunisia,Netherlands,Draw
1982,1982-06-26,Group Stage,France,Japan,France
1982,1982-06-26,Final,Egypt,USA,Draw
1982,1982-06-27,Group Stage,Portugal,Tunisia,Tunisia
1982,1982-06-27,Group Stage,Morocco,Argentina,Argentina
1982,1982-06-27,Group Stage,Australia,France,Draw
1982,1982-06-27,Group Stage,Spain,Tunisia,Draw
1982,1982-06-27,Group Stage,Netherlands,Croatia,Netherlands
1986,1986-06-10,Group Stage,Italy,Costa Rica,Italy
1986,1986-06-10,Group Stage,South Korea,USA,USA
1986,1986-06-10,Group Stage,Spain,England,Draw
1986,1986-06-10,Group Stage,Netherlands,Cameroon,Netherlands
1986,1986-06-10,Group Stage,Germany,Iran,Iran
1986,1986-06-11,Quarter-finals,Senegal,Ghana,Ghana
1986,1986-06-11,Group Stage,Saudi Arabia,Nigeria,Draw
1986,1986-06-11,Quarter-finals,France,Australia,Australia
1986,1986-06-11,Group Stage,Algeria,Denmark,Draw
1986,1986-06-11,Round of 16,Sweden,Netherlands,Draw
1986,1986-06-11,Group Stage,USA,Saudi Arabia,USA
1986,1986-06-11,Round of 16,Japan,Costa Rica,Draw
1986,1986-06-11,Round of 16,Tunisia,Poland,Tunisia
1986,1986-06-12,Group Stage,Iran,Costa Rica,Iran
1986,1986-06-12,Round of 16,Netherlands,Denmark,Draw
1986,1986-06-13,Group Stage,France,Croatia,France
1986,1986-06-13,Semi-finals,USA,Argentina,Argentina
1986,1986-06-13,Group Stage,Spain,Belgium,Belgium
1986,1986-06-14,Group Stage,Spain,Saudi Arabia,Spain
1986,1986-06-14,Group Stage,Brazil,Croatia,Brazil
1986,1986-06-14,Group Stage,Nigeria,Spain,Spain
1986,1986-06-15,Group Stage,Algeria,Sweden,Sweden
1986,1986-06-15,Group Stage,Poland,Egypt,Draw
1986,1986-06-16,Group Stage,Japan,Senegal,Japan
1986,1986-06-16,Quarter-finals,South Korea,Brazil,Draw
1986,1986-06-16,Group Stage,USA,Egypt,USA
1986,1986-06-16,Round of 16,Netherlands,Japan,Netherlands
1986,1986-06-16,Group Stage,Morocco,South Korea,South Korea
1986,1986-06-16,Group Stage,Croatia,Egypt,Croatia
1986,1986-06-16,Group Stage,Algeria,Brazil,Brazil
1986,1986-06-17,Group Stage,Argentina,Senegal,Draw
1986,1986-06-17,Group Stage,Nigeria,Senegal,Senegal
1986,1986-06-17,Group Stage,Netherlands,Italy,Italy
1986,1986-06-17,Group Stage,Switzerland,Uruguay,Switzerland
1986,1986-06-17,Group Stage,Tunisia,Mexico,Tunisia
1986,1986-06-17,Group Stage,Iran,USA,USA
1986,1986-06-18,Group Stage,Portugal,Senegal,Senegal
1986,1986-06-18,Group Stage,Ghana,Argentina,Argentina
1986,1986-06-18,Group Stage,South Korea,Mexico,Mexico
1986,1986-06-18,Group Stage,Poland,Saudi Arabia,Saudi Arabia
1986,1986-06-18,Final,Egypt,Uruguay,Draw
1986,1986-06-18,Group Stage,South Korea,Egypt,South Korea
1986,1986-06-19,Group Stage,England,Sweden,Sweden
1986,1986-06-20,Semi-finals,Croatia,Morocco,Draw
1986,1986-06-20,Group Stage,Sweden,Japan,Draw
1986,1986-06-21,Group Stage,Egypt,Poland,Draw
1986,1986-06-22,Group Stage,Sweden,Morocco,Morocco
1986,1986-06-22,Group Stage,USA,Australia,Draw
1986,1986-06-23,Group Stage,France,Portugal,Portugal
1986,1986-06-23,Third Place,Argentina,Germany,Germany
1986,1986-06-23,Group Stage,Croatia,Poland,Croatia
1986,1986-06-23,Group Stage,Algeria,Sweden,Algeria
1986,1986-06-24,Group Stage,Denmark,Netherlands,Draw
1986,1986-06-24,Round of 16,Brazil,Croatia,Brazil
1986,1986-06-24,Group Stage,Germany,Cameroon,Germany
1986,1986-06-24,Round of 16,Spain,Cameroon,Draw
1986,1986-06-25,Group Stage,Egypt,Netherlands,Netherlands
1986,1986-06-25,Group Stage,South Korea,USA,South Korea
1986,1986-06-25,Group Stage,Belgium,Mexico,Mexico
1986,1986-06-25,Round of 16,Nigeria,Brazil,Draw
1986,1986-06-26,Group Stage,Netherlands,Sweden,Draw
1986,1986-06-26,Group Stage,Netherlands,Sweden,Sweden
1986,1986-06-26,Group Stage,Cameroon,USA,Draw
1986,1986-06-27,Quarter-finals,Morocco,France,Morocco
1990,1990-06-10,Group Stage,Spain,Ghana,Ghana
1990,1990-06-11,Group Stage,Nigeria,USA,USA
1990,1990-06-11,Group Stage,Netherlands,Nigeria,Netherlands
1990,1990-06-11,Group Stage,Switzerland,South Korea,Draw
1990,1990-06-11,Group Stage,Denmark,Poland,Denmark
1990,1990-06-11,Group Stage,France,Switzerland,Switzerland
1990,1990-06-12,Round of 16,South Korea,Uruguay,Draw
1990,1990-06-13,Group Stage,Italy,Switzerland,Draw
1990,1990-06-13,Group Stage,Spain,Cameroon,Spain
1990,1990-06-13,Group Stage,Ghana,Saudi Arabia,Ghana
1990,1990-06-13,Group Stage,Costa Rica,Egypt,Costa Rica
1990,1990-06-13,Group Stage,Italy,Belgium,Italy
1990,1990-06-14,Group Stage,Senegal,Costa Rica,Costa Rica
1990,1990-06-14,Group Stage,Tunisia,France,Draw
1990,1990-06-14,Group Stage,Australia,Nigeria,Australia
1990,1990-06-14,Group Stage,England,Belgium,Draw
1990,1990-06-14,Group Stage,Brazil,Argentina,Argentina
1990,1990-06-15,Round of 16,Ghana,England,Draw
1990,1990-06-16,Group Stage,Italy,Sweden,Italy
1990,1990-06-16,Group Stage,Belgium,Iran,Belgium
1990,1990-06-16,Group Stage,Algeria,France,Algeria
1990,1990-06-16,Group Stage,Belgium,Germany,Belgium
1990,1990-06-16,Group Stage,France,Cameroon,Cameroon
1990,1990-06-16,Group Stage,South Korea,Denmark,South Korea
1990,1990-06-16,Group Stage,Japan,Uruguay,Draw
1990,1990-06-17,Group Stage,Costa Rica,Poland,Draw
1990,1990-06-17,Round of 16,Belgium,South Korea,South Korea
1990,1990-06-17,Round of 16,Tunisia,Australia,Australia
1990,1990-06-17,Round of 16,Egypt,Sweden,Egypt
1990,1990-06-18,Group Stage,England,Netherlands,England
1990,1990-06-18,Group Stage,Morocco,Belgium,Morocco
1990,1990-06-18,Semi-finals,Ghana,France,France
1990,1990-06-18,Group Stage,Switzerland,Cameroon,Cameroon
1990,1990-06-18,Group Stage,England,France,France
1990,1990-06-18,Group Stage,Switzerland,England,Draw
1990,1990-06-19,Group Stage,Japan,Switzerland,Draw
1990,1990-06-19,Group Stage,Mexico,Netherlands,Netherlands
1990,1990-06-19,Group Stage,Netherlands,USA,USA
1990,1990-06-19,Round of 16,Costa Rica,Iran,Costa Rica
1990,1990-06-19,Quarter-finals,Italy,France,Italy
1990,1990-06-20,Group Stage,Uruguay,Netherlands,Uruguay
1990,1990-06-20,Third Place,France,Iran,Draw
1990,1990-06-20,Group Stage,Sweden,USA,USA
1990,1990-06-20,Quarter-finals,Denmark,Argentina,Argentina
1990,1990-06-21,Group Stage,England,Tunisia,Draw
1990,1990-06-21,Group Stage,Argentina,Australia,Draw
1990,1990-06-21,Semi-finals,Netherlands,Tunisia,Draw
1990,1990-06-21,Group Stage,Egypt,Japan,Draw
1990,1990-06-22,Group Stage,Portugal,Cameroon,Portugal
1990,1990-06-23,Group Stage,Switzerland,Iran,Draw
1990,1990-06-24,Quarter-finals,Belgium,Italy,Belgium
1990,1990-06-24,Quarter-finals,Italy,Uruguay,Italy
1990,1990-06-24,Group Stage,South Korea,Croatia,South Korea
1990,1990-06-24,Group Stage,Senegal,Italy,Italy
1990,1990-06-25,Round of 16,Spain,Belgium,Spain
1990,1990-06-25,Group Stage,Brazil,Cameroon,Brazil
1990,1990-06-25,Group Stage,Germany,Cameroon,Cameroon
1990,1990-06-25,Group Stage,Sweden,Argentina,Sweden
1990,1990-06-26,Group Stage,Egypt,Uruguay,Uruguay
1990,1990-06-26,Final,Iran,Spain,Iran
1990,1990-06-27,Group Stage,Portugal,Argentina,Portugal
1990,1990-06-27,Group Stage,Spain,Egypt,Spain
1990,1990-06-27,Group Stage,Netherlands,Sweden,Netherlands
1990,1990-06-27,Round of 16,Ghana,Sweden,Draw
1994,1994-06-10,Round of 16,Saudi Arabia,Poland,Draw
1994,1994-06-10,Group Stage,Algeria,Morocco,Draw
1994,1994-06-10,Group Stage,Ghana,Denmark,Ghana
1994,1994-06-11,Group Stage,Algeria,France,France
1994,1994-06-11,Quarter-finals,Netherlands,South Korea,Netherlands
1994,1994-06-11,Group Stage,Netherlands,Iran,Draw
1994,1994-06-12,Group Stage,Netherlands,Brazil,Netherlands
1994,1994-06-12,Group Stage,Switzerland,Costa Rica,Switzerland
1994,1994-06-12,Group Stage,Poland,Saudi Arabia,Saudi Arabia
1994,1994-06-12,Group Stage,USA,Brazil,USA
1994,1994-06-13,Group Stage,Switzerland,Costa Rica,Costa Rica
1994,1994-06-13,Group Stage,Iran,Costa Rica,Costa Rica
1994,1994-06-13,Group Stage,Iran,France,Iran
1994,1994-06-13,Group Stage,Netherlands,Senegal,Netherlands
1994,1994-06-13,Round of 16,Saudi Arabia,France,Saudi Arabia
1994,1994-06-14,Semi-finals,Switzerland,Cameroon,Switzerland
1994,1994-06-14,Group Stage,Nigeria,Poland,Nigeria
1994,1994-06-14,Round of 16,Cameroon,Iran,Cameroon
1994,1994-06-14,Group Stage,Croatia,Portugal,Portugal
1994,1994-06-15,Group Stage,Denmark,Nigeria,Denmark
1994,1994-06-15,Group Stage,Mexico,Spain,Spain
1994,1994-06-16,Group Stage,Ghana,France,Ghana
1994,1994-06-16,Third Place,Iran,Argentina,Draw
1994,1994-06-17,Group Stage,Senegal,England,Senegal
1994,1994-06-17,Group Stage,Switzerland,Saudi Arabia,Draw
1994,1994-06-17,Group Stage,Saudi Arabia,Morocco,Morocco
1994,1994-06-18,Group Stage,Mexico,Brazil,Brazil
1994,1994-06-18,Round of 16,Algeria,Morocco,Draw
1994,1994-06-18,Group Stage,Japan,Egypt,Egypt
1994,1994-06-19,Group Stage,Australia,Mexico,Australia
1994,1994-06-19,Quarter-finals,France,Poland,Draw
1994,1994-06-19,Round of 16,Portugal,Brazil,Brazil
1994,1994-06-19,Group Stage,Costa Rica,Croatia,Costa Rica
1994,1994-06-19,Round of 16,Saudi Arabia,Tunisia,Tunisia
1994,1994-06-20,Group Stage,Tunisia,France,Draw
1994,1994-06-20,Group Stage,Germany,Tunisia,Germany
1994,1994-06-21,Semi-finals,Belgium,Senegal,Senegal
1994,1994-06-21,Final,Japan,Sweden,Japan
1994,1994-06-21,Group Stage,Spain,Germany,Draw
1994,1994-06-21,Group Stage,Cameroon,Nigeria,Cameroon
1994,1994-06-21,Group Stage,Tunisia,Costa Rica,Costa Rica
1994,1994-06-21,Group Stage,South Korea,Spain,Draw
1994,1994-06-21,Group Stage,Japan,Costa Rica,Draw
1994,1994-06-22,Group Stage,Costa Rica,Switzerland,Costa Rica
1994,1994-06-22,Group Stage,Poland,Italy,Poland
1994,1994-06-22,Group Stage,Nigeria,France,France
1994,1994-06-23,Group Stage,Algeria,Japan,Algeria
1994,1994-06-23,Group Stage,Sweden,Australia,Sweden
1994,1994-06-23,Group Stage,Senegal,Australia,Draw
1994,1994-06-23,Group Stage,Portugal,Costa Rica,Costa Rica
1994,1994-06-23,Quarter-finals,Germany,Portugal,Germany
1994,1994-06-23,Group Stage,Denmark,Poland,Draw
1994,1994-06-23,Group Stage,Saudi Arabia,USA,Saudi Arabia
1994,1994-06-24,Group Stage,Netherlands,Mexico,Netherlands
1994,1994-06-24,Group Stage,Belgium,Australia,Australia
1994,1994-06-25,Group Stage,Japan,Switzerland,Japan
1994,1994-06-25,Group Stage,Spain,Sweden,Draw
1994,1994-06-25,Group Stage,Spain,Australia,Spain
1994,1994-06-25,Group Stage,Saudi Arabia,Morocco,Draw
1994,1994-06-25,Quarter-finals,Portugal,Germany,Germany
1994,1994-06-26,Round of 16,Italy,Sweden,Italy
1994,1994-06-26,Group Stage,Tunisia,Egypt,Draw
1994,1994-06-26,Round of 16,Uruguay,Cameroon,Cameroon
1994,1994-06-27,Group Stage,England,Ghana,England
1998,1998-06-10,Group Stage,Argentina,USA,USA
1998,1998-06-10,Group Stage,Argentina,Mexico,Argentina
1998,1998-06-10,Group Stage,Portugal,Brazil,Portugal
1998,1998-06-10,Group Stage,South Korea,Algeria,Algeria
1998,1998-06-11,Group Stage,Denmark,South Korea,Denmark
1998,1998-06-11,Group Stage,Denmark,Japan,Draw
1998,1998-06-11,Round of 16,Uruguay,Switzerland,Draw
1998,1998-06-11,Group Stage,Italy,Ghana,Ghana
1998,1998-06-11,Round of 16,USA,Saudi Arabia,Draw
1998,1998-06-12,Group Stage,Denmark,England,Draw
1998,1998-06-12,Group Stage,Australia,Sweden,Australia
1998,1998-06-12,Group Stage,Germany,Portugal,Germany
1998,1998-06-12,Group Stage,France,Costa Rica,Costa Rica
1998,1998-06-13,Group Stage,Cameroon,Belgium,Cameroon
1998,1998-06-13,Group Stage,Italy,Mexico,Mexico
1998,1998-06-13,Group Stage,Poland,Cameroon,Poland
1998,1998-06-13,Group Stage,England,Uruguay,Draw
1998,1998-06-13,Round of 16,Egypt,South Korea,Draw
1998,1998-06-13,Group Stage,Netherlands,Tunisia,Tunisia
1998,1998-06-14,Group Stage,England,Costa Rica,Draw
1998,1998-06-14,Group Stage,Costa Rica,Iran,Iran
1998,1998-06-15,Third Place,Brazil,Italy,Brazil
1998,1998-06-15,Group Stage,Spain,Croatia,Draw
1998,1998-06-15,Round of 16,USA,Italy,Draw
1998,1998-06-17,Group Stage,Costa Rica,South Korea,South Korea
1998,1998-06-17,Group Stage,Ghana,Australia,Ghana
1998,1998-06-17,Group Stage,Morocco,Sweden,Draw
1998,1998-06-17,Group Stage,Saudi Arabia,USA,Saudi Arabia
1998,1998-06-17,Group Stage,Sweden,Argentina,Sweden
1998,1998-06-18,Group Stage,Iran,Senegal,Senegal
1998,1998-06-18,Final,Netherlands,England,England
1998,1998-06-18,Group Stage,England,Senegal,Senegal
1998,1998-06-18,Round of 16,Poland,France,Draw
1998,1998-06-18,Round of 16,Algeria,Japan,Draw
1998,1998-06-18,Group Stage,Portugal,Poland,Poland
1998,1998-06-18,Group Stage,Italy,Japan,Japan
1998,1998-06-18,Group Stage,Uruguay,Saudi Arabia,Draw
1998,1998-06-18,Group Stage,Croatia,USA,USA
1998,1998-06-19,Group Stage,Morocco,Nigeria,Draw
1998,1998-06-19,Group Stage,Germany,South Korea,South Korea
1998,1998-06-19,Group Stage,Ghana,England,Draw
1998,1998-06-19,Quarter-finals,Germany,Iran,Draw
1998,1998-06-19,Quarter-finals,Australia,Denmark,Draw
1998,1998-06-20,Group Stage,Denmark,Cameroon,Draw
1998,1998-06-20,Group Stage,Argentina,Iran,Argentina
1998,1998-06-21,Round of 16,Switzerland,Brazil,Draw
1998,1998-06-21,Group Stage,Spain,Iran,Iran
1998,1998-06-21,Semi-finals,Portugal,USA,Portugal
1998,1998-06-21,Group Stage,France,Brazil,Brazil
1998,1998-06-21,Semi-finals,Switzerland,Spain,Switzerland
1998,1998-06-21,Quarter-finals,Croatia,Algeria,Draw
1998,1998-06-21,Group Stage,Cameroon,Costa Rica,Costa Rica
1998,1998-06-22,Group Stage,France,Saudi Arabia,Draw
1998,1998-06-23,Group Stage,Germany,Nigeria,Germany
1998,1998-06-23,Group Stage,South Korea,Belgium,Draw
1998,1998-06-24,Group Stage,Denmark,Spain,Spain
1998,1998-06-25,Round of 16,Uruguay,Italy,Uruguay
1998,1998-06-25,Group Stage,Denmark,Argentina,Draw
1998,1998-06-25,Group Stage,Argentina,USA,USA
1998,1998-06-25,Group Stage,Senegal,Cameroon,Draw
1998,1998-06-25,Group Stage,Brazil,USA,Draw
1998,1998-06-25,Group Stage,Switzerland,Sweden,Switzerland
1998,1998-06-26,Group Stage,Uruguay,Costa Rica,Costa Rica
1998,1998-06-27,Quarter-finals,Algeria,Argentina,Algeria
2002,2002-06-10,Group Stage,Sweden,Portugal,Portugal
2002,2002-06-10,Round of 16,Saudi Arabia,USA,Draw
2002,2002-06-11,Quarter-finals,USA,Spain,Draw
2002,2002-06-11,Group Stage,USA,Australia,USA
2002,2002-06-12,Group Stage,Denmark,Ghana,Draw
2002,2002-06-13,Group Stage,Costa Rica,Denmark,Denmark
2002,2002-06-13,Group Stage,Morocco,Argentina,Argentina
2002,2002-06-13,Group Stage,Belgium,Saudi Arabia,Saudi Arabia
2002,2002-06-13,Round of 16,Italy,Nigeria,Nigeria
2002,2002-06-13,Group Stage,Senegal,Belgium,Belgium
2002,2002-06-14,Semi-finals,Japan,Switzerland,Draw
2002,2002-06-14,Semi-finals,Uruguay,Egypt,Uruguay
2002,2002-06-15,Group Stage,Japan,Netherlands,Japan
2002,2002-06-15,Group Stage,Cameroon,Uruguay,Uruguay
2002,2002-06-15,Group Stage,Switzerland,Denmark,Denmark
2002,2002-06-15,Round of 16,Senegal,Australia,Draw
2002,2002-06-16,Group Stage,Germany,England,England
2002,2002-06-16,Quarter-finals,France,Portugal,France
2002,2002-06-16,Round of 16,Denmark,Brazil,Brazil
2002,2002-06-16,Group Stage,Algeria,Belgium,Draw
2002,2002-06-17,Group Stage,Ghana,Italy,Draw
2002,2002-06-17,Group Stage,Australia,Netherlands,Draw
2002,2002-06-17,Group Stage,Poland,Portugal,Portugal
2002,2002-06-18,Group Stage,Cameroon,Italy,Italy
2002,2002-06-18,Group Stage,Costa Rica,Switzerland,Switzerland
2002,2002-06-18,Group Stage,Mexico,Croatia,Draw
2002,2002-06-18,Quarter-finals,France,Australia,Draw
2002,2002-06-19,Group Stage,Belgium,Japan,Japan
2002,2002-06-19,Group Stage,France,Saudi Arabia,Draw
2002,2002-06-19,Group Stage,Belgium,Germany,Germany
2002,2002-06-20,Quarter-finals,Spain,Nigeria,Draw
2002,2002-06-20,Group Stage,USA,Belgium,USA
2002,2002-06-20,Group Stage,Ghana,Saudi Arabia,Saudi Arabia
2002,2002-06-20,Round of 16,Mexico,Argentina,Mexico
2002,2002-06-21,Group Stage,Morocco,Mexico,Draw
2002,2002-06-21,Group Stage,Netherlands,Nigeria,Nigeria
2002,2002-06-21,Group Stage,Mexico,USA,Mexico
2002,2002-06-21,Group Stage,Nigeria,USA,Nigeria
2002,2002-06-22,Group Stage,Japan,Morocco,Japan
2002,2002-06-22,Group Stage,Brazil,Poland,Draw
2002,2002-06-22,Group Stage,Croatia,Costa Rica,Croatia
2002,2002-06-23,Group Stage,South Korea,Brazil,Brazil
2002,2002-06-23,Group Stage,England,Argentina,Argentina
2002,2002-06-23,Group Stage,Sweden,South Korea,Draw
2002,2002-06-23,Round of 16,Croatia,England,Draw
2002,2002-06-24,Group Stage,Cameroon,France,Draw
2002,2002-06-24,Group Stage,Senegal,Switzerland,Switzerland
2002,2002-06-24,Group Stage,Nigeria,France,Nigeria
2002,2002-06-24,Group Stage,Sweden,Nigeria,Sweden
2002,2002-06-24,Group Stage,Senegal,Iran,Draw
2002,2002-06-24,Round of 16,USA,South Korea,USA
2002,2002-06-25,Third Place,Tunisia,Iran,Draw
2002,2002-06-25,Final,Cameroon,Sweden,Draw
2002,2002-06-25,Group Stage,South Korea,Cameroon,South Korea
2002,2002-06-25,Group Stage,England,Brazil,Draw
2002,2002-06-25,Group Stage,Tunisia,Costa Rica,Costa Rica
2002,2002-06-25,Group Stage,Costa Rica,Germany,Draw
2002,2002-06-25,Round of 16,Iran,Algeria,Algeria
2002,2002-06-26,Group Stage,Germany,Morocco,Draw
2002,2002-06-26,Group Stage,Iran,Switzerland,Draw
2002,2002-06-26,Group Stage,Netherlands,Australia,Netherlands
2002,2002-06-26,Group Stage,Spain,USA,Spain
2002,2002-06-27,Group Stage,Brazil,Japan,Brazil
2002,2002-06-27,Group Stage,Tunisia,Australia,Australia
2006,2006-06-10,Group Stage,Belgium,Mexico,Belgium
2006,2006-06-10,Round of 16,Portugal,England,England
2006,2006-06-10,Group Stage,Switzerland,England,Switzerland
2006,2006-06-11,Group Stage,Japan,Argentina,Draw
2006,2006-06-11,Group Stage,Sweden,USA,USA
2006,2006-06-11,Group Stage,Sweden,Poland,Sweden
2006,2006-06-11,Group Stage,Portugal,Ghana,Ghana
2006,2006-06-11,Group Stage,USA,Algeria,Draw
2006,2006-06-12,Group Stage,Senegal,Costa Rica,Costa Rica
2006,2006-06-13,Round of 16,Denmark,Iran,Iran
2006,2006-06-13,Group Stage,Brazil,Japan,Brazil
2006,2006-06-13,Round of 16,Egypt,Tunisia,Egypt
2006,2006-06-13,Semi-finals,Uruguay,Egypt,Draw
2006,2006-06-13,Group Stage,Algeria,Croatia,Draw
2006,2006-06-14,Group Stage,Croatia,Cameroon,Draw
2006,2006-06-14,Group Stage,Denmark,Belgium,Draw
2006,2006-06-14,Group Stage,Italy,Senegal,Draw
2006,2006-06-14,Round of 16,Italy,Costa Rica,Costa Rica
2006,2006-06-14,Group Stage,Argentina,Denmark,Denmark
2006,2006-06-14,Group Stage,Argentina,Australia,Draw
2006,2006-06-15,Group Stage,Germany,Nigeria,Draw
2006,2006-06-15,Round of 16,Egypt,Spain,Egypt
2006,2006-06-15,Group Stage,Tunisia,Cameroon,Draw
2006,2006-06-15,Group Stage,Algeria,France,Algeria
2006,2006-06-15,Group Stage,Denmark,Australia,Draw
2006,2006-06-16,Group Stage,Mexico,Ghana,Ghana
2006,2006-06-16,Group Stage,USA,Costa Rica,Costa Rica
2006,2006-06-17,Group Stage,Switzerland,Netherlands,Switzerland
2006,2006-06-17,Group Stage,Uruguay,England,England
2006,2006-06-17,Group Stage,Iran,Cameroon,Draw
2006,2006-06-18,Group Stage,Japan,Poland,Poland
2006,2006-06-18,Third Place,Argentina,Portugal,Portugal
2006,2006-06-18,Quarter-finals,Morocco,Italy,Morocco
2006,2006-06-18,Quarter-finals,Ghana,Argentina,Ghana
2006,2006-06-19,Group Stage,Costa Rica,Uruguay,Costa Rica
2006,2006-06-19,Group Stage,Uruguay,Saudi Arabia,Draw
2006,2006-06-19,Group Stage,Saudi Arabia,Brazil,Draw
2006,2006-06-20,Group Stage,France,Netherlands,France
2006,2006-06-20,Group Stage,Japan,Argentina,Japan
2006,2006-06-20,Group Stage,Belgium,Tunisia,Belgium
2006,2006-06-20,Semi-finals,Iran,Saudi Arabia,Saudi Arabia
2006,2006-06-21,Group Stage,Ghana,Senegal,Senegal
2006,2006-06-21,Quarter-finals,Morocco,Poland,Draw
2006,2006-06-21,Group Stage,Sweden,Italy,Sweden
2006,2006-06-21,Group Stage,France,Croatia,France
2006,2006-06-21,Round of 16,Tunisia,Netherlands,Draw
2006,2006-06-22,Group Stage,USA,Argentina,Draw
2006,2006-06-22,Group Stage,Ghana,Belgium,Ghana
2006,2006-06-22,Quarter-finals,South Korea,Saudi Arabia,South Korea
2006,2006-06-23,Group Stage,Australia,Costa Rica,Costa Rica
2006,2006-06-23,Group Stage,Denmark,Netherlands,Denmark
2006,2006-06-23,Round of 16,Iran,Senegal,Iran
2006,2006-06-24,Group Stage,Egypt,Australia,Egypt
2006,2006-06-24,Final,South Korea,Spain,South Korea
2006,2006-06-25,Group Stage,Portugal,Nigeria,Draw
2006,2006-06-25,Group Stage,Argentina,Algeria,Algeria
2006,2006-06-25,Group Stage,Switzerland,Egypt,Switzerland
2006,2006-06-25,Round of 16,Saudi Arabia,Senegal,Draw
2006,2006-06-26,Group Stage,Italy,Netherlands,Italy
2006,2006-06-26,Group Stage,Spain,Sweden,Sweden
2006,2006-06-26,Group Stage,Argentina,Belgium,Belgium
2006,2006-06-27,Group Stage,Japan,Mexico,Draw
2006,2006-06-27,Group Stage,Uruguay,Costa Rica,Costa Rica
2006,2006-06-27,Group Stage,Tunisia,France,France
2010,2010-06-10,Group Stage,Cameroon,Portugal,Cameroon
2010,2010-06-10,Group Stage,Netherlands,Switzerland,Netherlands
2010,2010-06-10,Final,Switzerland,Mexico,Switzerland
2010,2010-06-10,Group Stage,Costa Rica,Australia,Costa Rica
2010,2010-06-11,Group Stage,USA,Uruguay,USA
2010,2010-06-11,Group Stage,Australia,England,England
2010,2010-06-11,Group Stage,Portugal,Morocco,Portugal
2010,2010-06-11,Group Stage,Japan,Iran,Iran
2010,2010-06-11,Round of 16,Cameroon,Netherlands,Netherlands
2010,2010-06-11,Group Stage,Sweden,Spain,Sweden
2010,2010-06-11,Group Stage,Belgium,Mexico,Mexico
2010,2010-06-12,Semi-finals,Spain,Netherlands,Draw
2010,2010-06-12,Group Stage,Tunisia,Cameroon,Draw
2010,2010-06-12,Round of 16,Uruguay,Sweden,Sweden
2010,2010-06-12,Group Stage,Spain,Egypt,Egypt
2010,2010-06-12,Group Stage,Denmark,Cameroon,Denmark
2010,2010-06-13,Group Stage,Nigeria,Iran,Nigeria
2010,2010-06-13,Group Stage,Egypt,Saudi Arabia,Egypt
2010,2010-06-13,Group Stage,Morocco,Nigeria,Draw
2010,2010-06-13,Group Stage,Australia,Denmark,Australia
2010,2010-06-14,Group Stage,Brazil,Costa Rica,Draw
2010,2010-06-14,Group Stage,Ghana,Cameroon,Cameroon
2010,2010-06-15,Group Stage,Sweden,Costa Rica,Sweden
2010,2010-06-15,Group Stage,Switzerland,Germany,Germany
2010,2010-06-15,Group Stage,Saudi Arabia,Netherlands,Netherlands
2010,2010-06-15,Group Stage,Germany,Sweden,Sweden
2010,2010-06-16,Group Stage,Cameroon,Uruguay,Cameroon
2010,2010-06-16,Third Place,Australia,USA,Draw
2010,2010-06-16,Round of 16,Croatia,Argentina,Argentina
2010,2010-06-17,Round of 16,South Korea,Italy,Italy
2010,2010-06-18,Group Stage,France,Saudi Arabia,Saudi Arabia
2010,2010-06-18,Group Stage,Nigeria,Sweden,Nigeria
2010,2010-06-19,Quarter-finals,Saudi Arabia,Uruguay,Draw
2010,2010-06-19,Quarter-finals,USA,Japan,Japan
2010,2010-06-20,Group Stage,Switzerland,Australia,Switzerland
2010,2010-06-20,Round of 16,Senegal,Croatia,Senegal
2010,2010-06-20,Round of 16,Brazil,Croatia,Croatia
2010,2010-06-20,Group Stage,Australia,Nigeria,Nigeria
2010,2010-06-20,Group Stage,Iran,Algeria,Draw
2010,2010-06-20,Group Stage,Spain,Ghana,Ghana
2010,2010-06-21,Group Stage,Cameroon,Senegal,Draw
2010,2010-06-21,Round of 16,Saudi Arabia,Tunisia,Draw
2010,2010-06-22,Group Stage,Saudi Arabia,England,Draw
2010,2010-06-22,Quarter-finals,Denmark,Ghana,Ghana
2010,2010-06-22,Quarter-finals,Sweden,Belgium,Sweden
2010,2010-06-23,Group Stage,Germany,Brazil,Draw
2010,2010-06-23,Group Stage,Ghana,Denmark,Ghana
2010,2010-06-23,Group Stage,Iran,Poland,Poland
2010,2010-06-23,Semi-finals,Senegal,Germany,Draw
2010,2010-06-23,Group Stage,Denmark,France,France
2010,2010-06-23,Group Stage,Ghana,Belgium,Ghana
2010,2010-06-23,Group Stage,Belgium,Senegal,Belgium
2010,2010-06-23,Round of 16,Ghana,Costa Rica,Costa Rica
2010,2010-06-24,Group Stage,Uruguay,Germany,Draw
2010,2010-06-25,Group Stage,Germany,Uruguay,Uruguay
2010,2010-06-25,Group Stage,Spain,England,Spain
2010,2010-06-25,Group Stage,USA,Nigeria,USA
2010,2010-06-25,Group Stage,Germany,Portugal,Portugal
2010,2010-06-25,Group Stage,Egypt,Spain,Spain
2010,2010-06-26,Group Stage,Saudi Arabia,Switzerland,Switzerland
2010,2010-06-26,Group Stage,Italy,Spain,Italy
2010,2010-06-27,Group Stage,Mexico,Croatia,Mexico
2010,2010-06-27,Group Stage,USA,Spain,Draw
2010,2010-06-27,Group Stage,Morocco,Germany,Germany
2014,2014-06-10,Group Stage,Argentina,Senegal,Draw
2014,2014-06-10,Group Stage,Belgium,Japan,Draw
2014,2014-06-10,Quarter-finals,Croatia,Saudi Arabia,Croatia
2014,2014-06-11,Group Stage,England,Mexico,Draw
2014,2014-06-11,Round of 16,Tunisia,Spain,Tunisia
2014,2014-06-11,Group Stage,Brazil,Japan,Japan
2014,2014-06-11,Round of 16,Portugal,Cameroon,Draw
2014,2014-06-12,Quarter-finals,Morocco,Mexico,Morocco
2014,2014-06-12,Group Stage,Argentina,Portugal,Argentina
2014,2014-06-12,Group Stage,Argentina,Italy,Italy
2014,2014-06-13,Group Stage,Denmark,Saudi Arabia,Saudi Arabia
2014,2014-06-13,Group Stage,South Korea,Egypt,Egypt
2014,2014-06-14,Group Stage,USA,Nigeria,Draw
2014,2014-06-14,Group Stage,Japan,Switzerland,Switzerland
2014,2014-06-15,Group Stage,Netherlands,Sweden,Sweden
2014,2014-06-15,Group Stage,Portugal,Senegal,Portugal
2014,2014-06-15,Round of 16,Brazil,England,Draw
2014,2014-06-16,Group Stage,Uruguay,Germany,Uruguay
2014,2014-06-16,Group Stage,Argentina,Switzerland,Switzerland
2014,2014-06-16,Group Stage,South Korea,Sweden,Sweden
2014,2014-06-16,Group Stage,Netherlands,Cameroon,Cameroon
2014,2014-06-16,Group Stage,Poland,USA,Draw
2014,2014-06-17,Group Stage,Croatia,Portugal,Croatia
2014,2014-06-18,Group Stage,Egypt,Cameroon,Draw
2014,2014-06-18,Group Stage,Poland,Nigeria,Nigeria
2014,2014-06-18,Group Stage,Mexico,Germany,Draw
2014,2014-06-18,Group Stage,Egypt,Denmark,Egypt
2014,2014-06-19,Third Place,Mexico,Ghana,Mexico
2014,2014-06-19,Group Stage,Australia,Egypt,Australia
2014,2014-06-19,Group Stage,Australia,Denmark,Draw
2014,2014-06-20,Group Stage,Saudi Arabia,Mexico,Saudi Arabia
2014,2014-06-20,Final,Algeria,Australia,Draw
2014,2014-06-21,Semi-finals,Nigeria,Denmark,Draw
2014,2014-06-21,Group Stage,Sweden,England,Sweden
2014,2014-06-21,Group Stage,France,Senegal,Draw
2014,2014-06-21,Round of 16,South Korea,Denmark,Denmark
2014,2014-06-21,Group Stage,Japan,Egypt,Egypt
2014,2014-06-22,Group Stage,Portugal,Denmark,Draw
2014,2014-06-22,Round of 16,France,Netherlands,Draw
2014,2014-06-22,Group Stage,Nigeria,France,France
2014,2014-06-22,Group Stage,Brazil,Argentina,Argentina
2014,2014-06-23,Group Stage,Croatia,Nigeria,Nigeria
2014,2014-06-23,Group Stage,Brazil,South Korea,Draw
2014,2014-06-23,Group Stage,Croatia,Morocco,Morocco
2014,2014-06-23,Round of 16,Argentina,Italy,Italy
2014,2014-06-24,Semi-finals,Croatia,Poland,Croatia
2014,2014-06-24,Group Stage,Netherlands,Italy,Netherlands
2014,2014-06-24,Quarter-finals,Australia,Switzerland,Switzerland
2014,2014-06-24,Group Stage,Morocco,Ghana,Morocco
2014,2014-06-24,Group Stage,Uruguay,Japan,Japan
2014,2014-06-24,Group Stage,Italy,Brazil,Italy
2014,2014-06-25,Group Stage,Switzerland,Sweden,Draw
2014,2014-06-25,Round of 16,Morocco,Iran,Morocco
2014,2014-06-25,Group Stage,Tunisia,USA,Tunisia
2014,2014-06-25,Group Stage,France,USA,USA
2014,2014-06-25,Group Stage,Switzerland,Uruguay,Draw
2014,2014-06-25,Quarter-finals,Switzerland,Egypt,Egypt
2014,2014-06-26,Group Stage,Algeria,Costa Rica,Costa Rica
2014,2014-06-26,Group Stage,France,Switzerland,France
2014,2014-06-26,Group Stage,Tunisia,Sweden,Sweden
2014,2014-06-27,Round of 16,Morocco,South Korea,Draw
2014,2014-06-27,Group Stage,Netherlands,Morocco,Netherlands
2014,2014-06-27,Group Stage,Cameroon,Portugal,Draw
2014,2014-06-27,Group Stage,Germany,Algeria,Germany
2018,2018-06-10,Group Stage,Portugal,Germany,Draw
2018,2018-06-10,Group Stage,Brazil,USA,Brazil
2018,2018-06-10,Group Stage,Ghana,Uruguay,Ghana
2018,2018-06-10,Group Stage,Belgium,Sweden,Belgium
2018,2018-06-11,Group Stage,Brazil,Algeria,Algeria
2018,2018-06-12,Semi-finals,Uruguay,Japan,Draw
2018,2018-06-12,Group Stage,France,Costa Rica,Costa Rica
2018,2018-06-12,Round of 16,Iran,Senegal,Draw
2018,2018-06-13,Group Stage,Switzerland,Iran,Draw
2018,2018-06-14,Third Place,Iran,Ghana,Ghana
2018,2018-06-14,Group Stage,Tunisia,Egypt,Draw
2018,2018-06-14,Quarter-finals,Sweden,Netherlands,Draw
2018,2018-06-15,Group Stage,Germany,Poland,Germany
2018,2018-06-15,Group Stage,Senegal,Germany,Senegal
2018,2018-06-15,Group Stage,Saudi Arabia,Netherlands,Netherlands
2018,2018-06-15,Round of 16,Saudi Arabia,Iran,Iran
2018,2018-06-15,Round of 16,Iran,Uruguay,Iran
2018,2018-06-16,Round of 16,Spain,USA,Draw
2018,2018-06-16,Quarter-finals,France,Sweden,Sweden
2018,2018-06-16,Group Stage,Brazil,Argentina,Argentina
2018,2018-06-16,Group Stage,Iran,Italy,Iran
2018,2018-06-16,Group Stage,Tunisia,England,England
2018,2018-06-16,Group Stage,Algeria,Senegal,Algeria
2018,2018-06-16,Group Stage,Morocco,Tunisia,Tunisia
2018,2018-06-17,Group Stage,Saudi Arabia,Ghana,Ghana
2018,2018-06-17,Group Stage,Portugal,Morocco,Morocco
2018,2018-06-17,Group Stage,Denmark,Cameroon,Draw
2018,2018-06-17,Quarter-finals,South Korea,Spain,South Korea
2018,2018-06-17,Group Stage,Poland,Italy,Italy
2018,2018-06-17,Group Stage,USA,Australia,Australia
2018,2018-06-18,Group Stage,Poland,England,England
2018,2018-06-18,Group Stage,Poland,Croatia,Poland
2018,2018-06-18,Group Stage,Portugal,Switzerland,Switzerland
2018,2018-06-18,Group Stage,Senegal,Egypt,Draw
2018,2018-06-20,Group Stage,Denmark,Uruguay,Draw
2018,2018-06-20,Group Stage,Saudi Arabia,Nigeria,Saudi Arabia
2018,2018-06-20,Group Stage,Denmark,Argentina,Denmark
2018,2018-06-20,Group Stage,USA,Japan,Draw
2018,2018-06-20,Group Stage,Denmark,Uruguay,Denmark
2018,2018-06-21,Group Stage,Algeria,Germany,Draw
2018,2018-06-22,Group Stage,Argentina,Italy,Argentina
2018,2018-06-23,Round of 16,USA,Costa Rica,USA
2018,2018-06-23,Group Stage,Uruguay,Ghana,Ghana
2018,2018-06-23,Group Stage,Costa Rica,England,Draw
2018,2018-06-23,Group Stage,Uruguay,Senegal,Uruguay
2018,2018-06-23,Group Stage,France,England,England
2018,2018-06-23,Group Stage,Costa Rica,Brazil,Draw
2018,2018-06-23,Group Stage,Australia,Belgium,Draw
2018,2018-06-23,Final,Argentina,Mexico,Argentina
2018,2018-06-23,Group Stage,Denmark,Sweden,Sweden
2018,2018-06-24,Group Stage,Iran,Mexico,Mexico
2018,2018-06-24,Round of 16,Croatia,Portugal,Portugal
2018,2018-06-25,Group Stage,England,Uruguay,England
2018,2018-06-26,Group Stage,Japan,Mexico,Mexico
2018,2018-06-26,Group Stage,South Korea,Morocco,South Korea
2018,2018-06-26,Group Stage,Brazil,Egypt,Brazil
2018,2018-06-27,Group Stage,USA,Uruguay,USA
2018,2018-06-27,Semi-finals,Algeria,England,England
2018,2018-06-27,Group Stage,Netherlands,Poland,Poland
2018,2018-06-27,Quarter-finals,Brazil,Denmark,Denmark
2018,2018-06-27,Round of 16,Uruguay,Saudi Arabia,Draw
2018,2018-06-27,Group Stage,France,Australia,Australia
2018,2018-06-27,Round of 16,Germany,South Korea,Draw
2018,2018-06-27,Group Stage,France,Italy,Italy
2022,2022-11-10,Group Stage,Netherlands,Sweden,Sweden
2022,2022-11-10,Group Stage,Portugal,Cameroon,Portugal
2022,2022-11-10,Round of 16,Ghana,Mexico,Draw
2022,2022-11-11,Group Stage,Poland,USA,Poland
2022,2022-11-11,Group Stage,Italy,Germany,Germany
2022,2022-11-12,Group Stage,Poland,Senegal,Poland
2022,2022-11-12,Group Stage,England,Japan,Japan
2022,2022-11-12,Group Stage,England,Switzerland,Draw
2022,2022-11-12,Group Stage,South Korea,Brazil,Brazil
2022,2022-11-12,Group Stage,Portugal,Australia,Draw
2022,2022-11-12,Semi-finals,Croatia,Denmark,Denmark
2022,2022-11-13,Group Stage,Netherlands,Argentina,Netherlands
2022,2022-11-13,Group Stage,Cameroon,South Korea,Cameroon
2022,2022-11-13,Group Stage,Japan,Argentina,Japan
2022,2022-11-14,Group Stage,Morocco,USA,USA
2022,2022-11-15,Group Stage,USA,Saudi Arabia,Draw
2022,2022-11-15,Quarter-finals,Switzerland,Spain,Switzerland
2022,2022-11-15,Quarter-finals,Japan,Australia,Japan
2022,2022-11-15,Group Stage,Saudi Arabia,Denmark,Denmark
2022,2022-11-16,Group Stage,Cameroon,Switzerland,Switzerland
2022,2022-11-16,Group Stage,Poland,Saudi Arabia,Poland
2022,2022-11-16,Group Stage,Iran,Argentina,Iran
2022,2022-11-16,Group Stage,Japan,Spain,Draw
2022,2022-11-16,Group Stage,France,Croatia,Draw
2022,2022-11-17,Group Stage,Denmark,Brazil,Brazil
2022,2022-11-17,Group Stage,Senegal,Ghana,Ghana
2022,2022-11-17,Third Place,Belgium,Argentina,Argentina
2022,2022-11-18,Group Stage,Belgium,Senegal,Senegal
2022,2022-11-18,Group Stage,Brazil,Italy,Italy
2022,2022-11-18,Group Stage,Australia,Egypt,Draw
2022,2022-11-18,Round of 16,Poland,Uruguay,Uruguay
2022,2022-11-18,Group Stage,Brazil,Egypt,Draw
2022,2022-11-18,Semi-finals,Germany,Croatia,Germany
2022,2022-11-19,Group Stage,Australia,South Korea,Australia
2022,2022-11-19,Group Stage,Ghana,Morocco,Draw
2022,2022-11-19,Group Stage,Argentina,Saudi Arabia,Argentina
2022,2022-11-19,Group Stage,England,Iran,England
2022,2022-11-19,Group Stage,Brazil,Australia,Brazil
2022,2022-11-19,Quarter-finals,Mexico,Costa Rica,Draw
2022,2022-11-20,Group Stage,Australia,Argentina,Draw
2022,2022-11-21,Group Stage,Croatia,Algeria,Croatia
2022,2022-11-21,Group Stage,Nigeria,France,Nigeria
2022,2022-11-22,Group Stage,Iran,Costa Rica,Iran
2022,2022-11-22,Group Stage,Japan,Morocco,Japan
2022,2022-11-22,Quarter-finals,South Korea,Egypt,Egypt
2022,2022-11-23,Round of 16,Japan,South Korea,Japan
2022,2022-11-23,Final,Algeria,Argentina,Algeria
2022,2022-11-23,Group Stage,USA,Senegal,Draw
2022,2022-11-24,Group Stage,Saudi Arabia,Australia,Australia
2022,2022-11-24,Group Stage,Ghana,Italy,Italy
2022,2022-11-24,Group Stage,Algeria,Germany,Algeria
2022,2022-11-24,Group Stage,Spain,Australia,Spain
2022,2022-11-24,Round of 16,Argentina,Nigeria,Argentina
2022,2022-11-24,Round of 16,Portugal,Argentina,Draw
2022,2022-11-25,Group Stage,Switzerland,Cameroon,Draw
2022,2022-11-25,Round of 16,Switzerland,South Korea,Draw
2022,2022-11-25,Round of 16,Italy,Ghana,Italy
2022,2022-11-26,Group Stage,Mexico,Sweden,Sweden
2022,2022-11-26,Round of 16,Iran,Cameroon,Cameroon
2022,2022-11-26,Group Stage,Tunisia,Algeria,Draw
2022,2022-11-26,Group Stage,Croatia,Sweden,Croatia
2022,2022-11-26,Group Stage,Iran,Egypt,Iran
2022,2022-11-27,Group Stage,Egypt,Nigeria,Egypt
2022,2022-11-27,Group Stage,Nigeria,Argentina,Draw
